iter	MultiClass
0	0.7408774897
1	0.4588053322
2	0.3313560674
3	0.2476626361
4	0.1995392442
5	0.1445670215
6	0.1202778685
7	0.1062970423
8	0.09467377245
9	0.08586178579
